offset;address;content
"[%ebp - 1  ]";"0xce069760";"AWAVI\x89\xd7AUATL\x8d%>\x06 "
"[%ebp - 4  ]";"0x36d93b98";"\xa4\xc3R\x7f\xfe\x7f"
"[%ebp - 6  ]";"0x8d662850";"C'est cool mon petit tool quand meme"
"[%ebp - 7  ]";"0x82f1582c";"Another one bites the dust !"
"[%ebp - 8  ]";"0x5c42281b";"TOUM, TOUM, TOUM"
"[%ebp - 9  ]";"0xb66ac805";"A string in main(...)"
"[%ebp - 10 ]";"0x45c92760";"AWAVI\x89\xd7AUATL\x8d%>\x06 "
"[%ebp - 11 ]";"0x8fc18b97";"\x89\xc7\xe8\x82\x15\x02"
"[%ebp - 13 ]";"0xca54e6e8";"\x92\xc3\x1fW\xfd\x7f"
"[%ebp - 15 ]";"0x3e0b36c0";"UH\x89\xe5H\x83\xec0\x89}\xdcH\x89u\xd0H\x8d\x05/\x01"
"[%ebp - 16 ]";"0x00000000";"(null)"
"[%ebp - 18 ]";"0xfe0f6580";"1\xedI\x89\xd1^H\x89\xe2H\x83\xe4\xf0PTL\x8d\x05:\x02"
"[%ebp - 19 ]";"0x392f0ff0";"\x02"
"[%ebp - 20 ]";"0x00000000";"(null)"
"[%ebp - 21 ]";"0x00000000";"(null)"
"[%ebp - 25 ]";"0x00000000";"(null)"
"[%ebp - 26 ]";"0x00000000";"(null)"
"[%ebp - 27 ]";"0x4aa98733";"I\x83\xc6\x08L;4$u\xeb\x83\xeb\x01\x83\xfb\xff\x0f\x85C\xff\xff\xffH\x83\xc4\x18[]A\A]A^A_\xc3\x0f\x1f\x84"
"[%ebp - 28 ]";"0x04e09638";"\x10njb\xee\x7f"
"[%ebp - 30 ]";"0x00000000";"(null)"
"[%ebp - 31 ]";"0x00000000";"(null)"
"[%ebp - 32 ]";"0x00000000";"(null)"
"[%ebp - 33 ]";"0x53755580";"1\xedI\x89\xd1^H\x89\xe2H\x83\xe4\xf0PTL\x8d\x05:\x02"
"[%ebp - 34 ]";"0x1ecfbf80";"\x02"
"[%ebp - 35 ]";"0x0c1bd5aa";"\xf4\x0f\x1fD"
"[%ebp - 36 ]";"0xcb348908";"\x1c"
"[%ebp - 39 ]";"0xde2ff35e";"examples/vulnerable_binary"
"[%ebp - 40 ]";"0x3f3b6377";"examples/vulnerable_binary"
"[%ebp - 41 ]";"0x00000000";"(null)"
"[%ebp - 42 ]";"0xc8e783cd";"LS_COLORS=rs=0:di=01;34:ln=01;36:mh=00:pi=40;33:so=01;35:do="
"[%ebp - 43 ]";"0x6d3819b9";"LC_MEASUREMENT=fr_FR.UTF-8"
"[%ebp - 44 ]";"0xfe5489d4";"LESSCLOSE=/usr/bin/lesspipe  (null)"
"[%ebp - 45 ]";"0xf72299f6";"LC_PAPER=fr_FR.UTF-8"
"[%ebp - 46 ]";"0x75901a0b";"LC_MONETARY=fr_FR.UTF-8"
"[%ebp - 47 ]";"0x05f20a23";"LANG=en_US.UTF-8"
"[%ebp - 48 ]";"0x90135a34";"GDM_LANG=en_US"
"[%ebp - 49 ]";"0x80131a43";"DISPLAY=:0"
"[%ebp - 50 ]";"0x36692a4e";"COLORTERM=truecolor"
"[%ebp - 51 ]";"0xa866fa62";"XDG_VTNR=7"
"[%ebp - 52 ]";"0xb3acca6d";"SSH_AUTH_SOCK=/tmp/ssh-5siaxyD56NhN/agent.2304"
"[%ebp - 53 ]";"0x76b67a9c";"MANDATORY_PATH=/usr/share/gconf/i3.mandatory.path"
"[%ebp - 54 ]";"0x8d507ace";"LC_NAME=fr_FR.UTF-8"
"[%ebp - 55 ]";"0xdcbcaae2";"XDG_SESSION_ID=c3"
"[%ebp - 56 ]";"0xe7819af4";"XDG_GREETER_DATA_DIR=/var/lib/lightdm-data/hermes"
"[%ebp - 57 ]";"0x59024b26";"USER=hermes"
"[%ebp - 58 ]";"0xc51a2b32";"DESKTOP_SESSION=i3"
"[%ebp - 59 ]";"0xfbe14b45";"DEFAULTS_PATH=/usr/share/gconf/i3.default.path"
"[%ebp - 60 ]";"0xbff13b74";"PWD=/home/hermes/Documents/git_projects/small-projects/Pytho"
"[%ebp - 61 ]";"0xeab44bbf";"HOME=/home/hermes"
"[%ebp - 62 ]";"0xfd0c1bd1";"SSH_AGENT_PID=2409"
"[%ebp - 63 ]";"0x74cb9be4";"QT_ACCESSIBILITY=1"
"[%ebp - 64 ]";"0x05e25bf7";"XDG_SESSION_TYPE=x11"
"[%ebp - 65 ]";"0x50e9bc0c";"XDG_DATA_DIRS=/usr/share/i3:/usr/local/share:/usr/share:/var"
"[%ebp - 66 ]";"0x9d9fdc5b";"XDG_SESSION_DESKTOP=i3"
"[%ebp - 67 ]";"0x6402ac72";"LC_ADDRESS=fr_FR.UTF-8"
"[%ebp - 68 ]";"0xaef43c89";"LC_NUMERIC=fr_FR.UTF-8"
"[%ebp - 69 ]";"0x3b101ca0";"TERM=xterm-256color"
"[%ebp - 70 ]";"0x9f701cb4";"SHELL=/bin/bash"
"[%ebp - 71 ]";"0xe832fcc4";"VTE_VERSION=5202"
"[%ebp - 72 ]";"0x1b7e9cd5";"XDG_SEAT_PATH=/org/freedesktop/DisplayManager/Seat0"
"[%ebp - 73 ]";"0x110afd09";"XDG_CURRENT_DESKTOP=i3"
"[%ebp - 74 ]";"0x4c730d20";"GPG_AGENT_INFO=/run/user/1000/gnupg/S.gpg-agent:0:1"
"[%ebp - 75 ]";"0x2a849d54";"XDG_SEAT=seat0"
"[%ebp - 76 ]";"0xfad89d63";"SHLVL=1"
"[%ebp - 77 ]";"0xfe5cad6b";"LANGUAGE=en_US"
"[%ebp - 78 ]";"0x45f40d7a";"WINDOWID=16777219"
"[%ebp - 79 ]";"0x5da67d8c";"LC_TELEPHONE=fr_FR.UTF-8"
"[%ebp - 80 ]";"0xdd20cda5";"GDMSESSION=i3"
"[%ebp - 81 ]";"0xd80e5db3";"LOGNAME=hermes"
"[%ebp - 82 ]";"0xbcba4dc2";"DBUS_SESSION_BUS_ADDRESS=unix:path=/run/user/1000/bus"
"[%ebp - 83 ]";"0x9a444df8";"XDG_RUNTIME_DIR=/run/user/1000"
"[%ebp - 84 ]";"0x8a21fe17";"XAUTHORITY=/home/hermes/.Xauthority"
"[%ebp - 85 ]";"0x69489e3b";"XDG_SESSION_PATH=/org/freedesktop/DisplayManager/Session0"
"[%ebp - 86 ]";"0x8204fe75";"XDG_CONFIG_DIRS=/etc/xdg/xdg-i3:/etc/xdg"
"[%ebp - 87 ]";"0xb6b44e9e";"PATH=/home/hermes/Softwares/aliases:/home/hermes/.local/bin:"
"[%ebp - 88 ]";"0x1e65cf3d";"LC_IDENTIFICATION=fr_FR.UTF-8"
"[%ebp - 89 ]";"0x068a5f5b";"LESSOPEN=| /usr/bin/lesspipe "
"[%ebp - 90 ]";"0x47054f7b";"LC_TIME=fr_FR.UTF-8"
"[%ebp - 91 ]";"0x942f2f8f";"OLDPWD=/home/hermes/Documents/git_projects/small-projects"
"[%ebp - 92 ]";"0x2f219fc9";"_=./stack_dumper.py"
"[%ebp - 93 ]";"0x00000000";"(null)"
"[%ebp - 95 ]";"0x9cc7a000";"\x7fELF\x02\x01\x01"
"[%ebp - 103]";"0xaee4b040";"\x06"
"[%ebp - 109]";"0x4826e000";"\x7fELF\x02\x01\x01"
"[%ebp - 111]";"0x00000000";"(null)"
"[%ebp - 113]";"0xf9d1e580";"1\xedI\x89\xd1^H\x89\xe2H\x83\xe4\xf0PTL\x8d\x05:\x02"
"[%ebp - 123]";"0x00000000";"(null)"
"[%ebp - 125]";"0x3cb92ff9";"l\xc2c\xe3\xe01\x11H\xea\xacu\x1eu(\x08\x92x86_64"
"[%ebp - 127]";"0x00000000";"(null)"
"[%ebp - 129]";"0xb63acfdd";"examples/vulnerable_binary"
"[%ebp - 131]";"0xae6c9ef9";"x86_64"
"[%ebp - 132]";"0x00000000";"(null)"
"[%ebp - 133]";"0x00000000";"(null)"
"[%ebp - 134]";"0x00000000";"(null)"
"[%ebp - 138]";"0x00000000";"(null)"
"[%ebp - 139]";"0x00000000";"(null)"
"[%ebp - 140]";"0x00000000";"(null)"
"[%ebp - 141]";"0x00000000";"(null)"
"[%ebp - 142]";"0x00000000";"(null)"
"[%ebp - 143]";"0x00000000";"(null)"
"[%ebp - 144]";"0x00000000";"(null)"
"[%ebp - 145]";"0x00000000";"(null)"
"[%ebp - 146]";"0x00000000";"(null)"
"[%ebp - 147]";"0x00000000";"(null)"
"[%ebp - 148]";"0x00000000";"(null)"
"[%ebp - 149]";"0x00000000";"(null)"
"[%ebp - 150]";"0x00000000";"(null)"
